{"cameraMode":{"drawMode":0,"name":"Shaded","section":"Shading Mode"},"sceneLighting":false,"audioPlay":false,"sceneViewState":{"m_AlwaysRefresh":true,"showFog":false,"showSkybox":true,"showFlares":false,"showImageEffects":true,"showParticleSystems":true,"showVisualEffectGraphs":true,"m_FxEnabled":false},"in2DMode":false,"pivot":{"x":0.8986237645149231,"y":0.7131492495536804,"z":-1.0980287790298463},"rotation":{"x":0.09739413112401962,"y":0.531002938747406,"z":-0.06160522624850273,"w":0.8394840359687805},"size":0.7297630310058594,"orthographic":false}