{"cameraMode":{"drawMode":0,"name":"Shaded","section":"Shading Mode"},"sceneLighting":true,"audioPlay":false,"sceneViewState":{"m_AlwaysRefresh":true,"showFog":false,"showSkybox":true,"showFlares":false,"showImageEffects":true,"showParticleSystems":true,"showVisualEffectGraphs":true,"m_FxEnabled":false},"in2DMode":false,"pivot":{"x":-0.7779937386512756,"y":0.9156254529953003,"z":-0.7385911345481873},"rotation":{"x":0.22724683582782746,"y":0.3870576322078705,"z":-0.09903992712497711,"w":0.8881165385246277},"size":4.5151848793029789,"orthographic":false}